index,filename,mean,std
0,10905.csv,646.161458333,109.747162894
